,Model,Accuracy,F1,Precision,Recall
0,rf,0.5833370848902294,0.5177342587251212,0.6825255944311481,0.5832633130028008
1,nb,0.6989350580490904,0.6948689084906915,0.7100912055099007,0.6989119888621178
2,svm,0.7034094149071864,0.7011759481851829,0.7096453537738324,0.7033921452119996
3,log_reg,0.7059279601034429,0.7047933420759109,0.7091201973309204,0.7059155840700901
4,catboost,0.6399030597698044,0.6130479710239454,0.6935365560864379,0.6398503751446543
5,bert,0.8260077932341922,0.8254221518048095,0.8304145761499344,0.8259962376849259
