,precision,recall,f1-score,support
0,0.6033388435347283,0.7496582584617542,0.6685867191277238,427955.0
1,0.8649857783591617,0.7649368379406996,0.8118906744956838,897295.0
accuracy,0.7600030182984343,0.7600030182984343,0.7600030182984343,0.7600030182984343
macro avg,0.7341623109469451,0.7572975482012269,0.7402386968117038,1325250.0
weighted avg,0.7804937096983124,0.7600030182984343,0.7656143913645799,1325250.0
