,precision,recall,f1-score,support
0,0.618427623798588,0.7783715577572409,0.6892422035357214,427955.0
1,0.8794235538949903,0.7709460099521339,0.8216197084401285,897295.0
accuracy,0.7733438973778533,0.7733438973778533,0.7733438973778533,0.7733438973778533
macro avg,0.7489255888467892,0.7746587838546874,0.755430955987925,1325250.0
weighted avg,0.7951417102697076,0.7733438973778533,0.7788718381429276,1325250.0
