,precision,recall,f1-score,support
0,0.7584541062801933,0.5836139225623759,0.6596452140082222,199877.0
1,0.6617283047396081,0.8142100551618598,0.7300926029731608,199957.0
accuracy,0.6989350580490904,0.6989350580490904,0.6989350580490904,0.6989350580490904
macro avg,0.7100912055099007,0.6989119888621178,0.6948689084906915,399834.0
weighted avg,0.7100815289139594,0.6989350580490904,0.6948759561543684,399834.0
